电影名称,电影类型,上映时间 
我和我的家乡,剧情／喜剧,2020-10-01 
姜子牙,动画／动作／冒险,2020-10-01 
八佰,剧情／战争／历史,2020-08-21 
夺冠,剧情,2020-09-25 
我在时间尽头等你,爱情／奇幻／喜剧,2020-08-25 
花木兰,剧情／冒险,2020-09-11 
一点就到家,青春,2020-10-04 
急先锋,动作／冒险／喜剧,2020-09-30 
木兰：横空出世,动画／喜剧／动作,2020-10-03 
信条,科幻／动作／剧情,2020-09-04 
电影名称,电影类型,上映时间 
我和我的家乡,剧情／喜剧,2020-10-01 
姜子牙,动画／动作／冒险,2020-10-01 
八佰,剧情／战争／历史,2020-08-21 
夺冠,剧情,2020-09-25 
我在时间尽头等你,爱情／奇幻／喜剧,2020-08-25 
花木兰,剧情／冒险,2020-09-11 
一点就到家,青春,2020-10-04 
急先锋,动作／冒险／喜剧,2020-09-30 
木兰：横空出世,动画／喜剧／动作,2020-10-03 
信条,科幻／动作／剧情,2020-09-04 
